{"cameraMode":{"drawMode":0,"name":"Shaded","section":"Shading Mode"},"sceneLighting":false,"audioPlay":false,"sceneViewState":{"m_AlwaysRefresh":false,"showFog":true,"showSkybox":false,"showFlares":true,"showImageEffects":true,"showParticleSystems":true,"showVisualEffectGraphs":true,"m_FxEnabled":true},"in2DMode":false,"pivot":{"x":5.034412384033203,"y":-1.7988362312316895,"z":0.08218881487846375},"rotation":{"x":-0.0008521710406057537,"y":-0.7586967349052429,"z":0.6534043550491333,"w":-0.0010541894007474185},"size":0.9242576956748962,"orthographic":false}