{"cameraMode":{"drawMode":0,"name":"Shaded","section":"Shading Mode"},"sceneLighting":true,"audioPlay":false,"sceneViewState":{"m_AlwaysRefresh":false,"showFog":true,"showSkybox":false,"showFlares":true,"showImageEffects":true,"showParticleSystems":true,"showVisualEffectGraphs":true,"m_FxEnabled":true},"in2DMode":false,"pivot":{"x":5.000000953674316,"y":0.9489998817443848,"z":-12.265000343322754},"rotation":{"x":-0.17808273434638978,"y":-0.16102084517478944,"z":0.029509972780942918,"w":-0.9703319072723389},"size":6.401659965515137,"orthographic":false}