{"cameraMode":{"drawMode":0,"name":"Shaded","section":"Shading Mode"},"sceneLighting":true,"audioPlay":false,"sceneViewState":{"m_AlwaysRefresh":true,"showFog":true,"showSkybox":true,"showFlares":true,"showImageEffects":true,"showParticleSystems":true,"showVisualEffectGraphs":true,"m_FxEnabled":true},"in2DMode":false,"pivot":{"x":61.8435173034668,"y":75.03642272949219,"z":193.31427001953126},"rotation":{"x":0.1707361340522766,"y":-0.15432752668857575,"z":-0.024034051224589349,"w":-0.9735010266304016},"size":150.65684509277345,"orthographic":false}