{"cameraMode":{"drawMode":0,"name":"Shaded","section":"Shading Mode"},"sceneLighting":true,"audioPlay":false,"sceneViewState":{"m_AlwaysRefresh":true,"showFog":true,"showSkybox":true,"showFlares":true,"showImageEffects":true,"showParticleSystems":true,"showVisualEffectGraphs":true,"m_FxEnabled":true},"in2DMode":false,"pivot":{"x":-0.3968709707260132,"y":0.40205445885658266,"z":4.430025577545166},"rotation":{"x":-0.4173182249069214,"y":0.3453637361526489,"z":-0.17368483543395997,"w":-0.8228803277015686},"size":2.8339414596557619,"orthographic":false}