{"cameraMode":{"drawMode":0,"name":"Shaded","section":"Shading Mode"},"sceneLighting":true,"audioPlay":false,"sceneViewState":{"m_AlwaysRefresh":false,"showFog":true,"showSkybox":true,"showFlares":true,"showImageEffects":true,"showParticleSystems":true,"showVisualEffectGraphs":true,"m_FxEnabled":true},"in2DMode":false,"pivot":{"x":1.0355931520462037,"y":3.2349085807800295,"z":-3.6659486293792726},"rotation":{"x":0.31046757102012637,"y":0.677071213722229,"z":-0.3938671946525574,"w":0.5396854877471924},"size":1.1089284420013428,"orthographic":false}