{"cameraMode":{"drawMode":0,"name":"Shaded","section":"Shading Mode"},"sceneLighting":true,"audioPlay":false,"sceneViewState":{"m_AlwaysRefresh":true,"showFog":true,"showSkybox":true,"showFlares":true,"showImageEffects":true,"showParticleSystems":true,"showVisualEffectGraphs":true,"m_FxEnabled":true},"in2DMode":false,"pivot":{"x":-2.7421681880950929,"y":9.018345832824707,"z":-9.158069610595704},"rotation":{"x":0.11823664605617523,"y":0.3470025658607483,"z":-0.047302983701229098,"w":0.9304965734481812},"size":0.7566731572151184,"orthographic":false}