{"cameraMode":{"drawMode":0,"name":"Shaded","section":"Shading Mode"},"sceneLighting":true,"audioPlay":false,"sceneViewState":{"m_AlwaysRefresh":true,"showFog":true,"showSkybox":true,"showFlares":true,"showImageEffects":true,"showParticleSystems":true,"showVisualEffectGraphs":true,"m_FxEnabled":true},"in2DMode":false,"pivot":{"x":-2.2279043197631838,"y":0.912419319152832,"z":3.7434587478637697},"rotation":{"x":0.19463811814785005,"y":-0.5658798813819885,"z":0.13187800347805024,"w":0.791602373123169},"size":1.7514240741729737,"orthographic":false}