{"cameraMode":{"drawMode":0,"name":"Shaded","section":"Shading Mode"},"sceneLighting":true,"audioPlay":false,"sceneViewState":{"m_AlwaysRefresh":true,"showFog":true,"showSkybox":true,"showFlares":true,"showImageEffects":true,"showParticleSystems":true,"showVisualEffectGraphs":true,"m_FxEnabled":true},"in2DMode":false,"pivot":{"x":-5.137846946716309,"y":7.0247673988342289,"z":-4.460742950439453},"rotation":{"x":0.17912615835666657,"y":0.42281293869018557,"z":-0.09564384818077088,"w":0.8845930099487305},"size":2.201648235321045,"orthographic":false}