{"cameraMode":{"drawMode":0,"name":"Shaded","section":"Shading Mode"},"sceneLighting":true,"audioPlay":false,"sceneViewState":{"m_AlwaysRefresh":false,"showFog":true,"showSkybox":false,"showFlares":true,"showImageEffects":true,"showParticleSystems":true,"showVisualEffectGraphs":true,"m_FxEnabled":true},"in2DMode":false,"pivot":{"x":1.5479998588562012,"y":0.49900007247924807,"z":-12.26099967956543},"rotation":{"x":-0.20112363994121552,"y":-0.0053635165095329288,"z":0.0010507074184715748,"w":-0.9795855283737183},"size":6.401659965515137,"orthographic":false}