{"cameraMode":{"drawMode":0,"name":"Shaded","section":"Shading Mode"},"sceneLighting":false,"audioPlay":false,"sceneViewState":{"m_AlwaysRefresh":false,"showFog":true,"showSkybox":false,"showFlares":true,"showImageEffects":true,"showParticleSystems":true,"showVisualEffectGraphs":true,"m_FxEnabled":true},"in2DMode":false,"pivot":{"x":-0.34958407282829287,"y":0.06493307650089264,"z":-0.25068140029907229},"rotation":{"x":-0.0002834493643604219,"y":0.9994633197784424,"z":-0.03149351477622986,"w":-0.008995413780212403},"size":1.791123867034912,"orthographic":false}